Correct_Category,Total_Amount,Number_of_Employees,Cost_Per_Employee
Marketing,102839.95,48,2142.498958333333
Meals,97101.25,50,1942.025
Office Supplies,105194.63,48,2191.554791666667
Software,99015.95,50,1980.319
Travel,104780.4,50,2095.6079999999997
